,v_call,var
0,IGKV1-12*01,TCA
1,IGKV1-12*02,TCA
2,IGKV1-13*01,TCA
3,IGKV1-13*02,TCA
4,IGKV1-16*01,TCA
5,IGKV1-16*02,TCA
6,IGKV1-17*01,TCA
7,IGKV1-17*02,TCA
8,IGKV1-17*03,TCA
9,IGKV1-22*01,TCA
10,IGKV1-27*01,TCA
11,IGKV1-32*01,TCA
12,IGKV1-33*01,TCA
13,IGKV1-35*01,TCA
14,IGKV1-35*02,TCA
15,IGKV1-37*01,TCA
16,IGKV1-39*01,TCA
17,IGKV1-39*02,TCA
18,IGKV1-5*01,TCA
19,IGKV1-5*02,TCA
20,IGKV1-5*03,TCA
21,IGKV1-5*04,TCA
22,IGKV1-5*05,TCA
23,IGKV1-6*01,TGT
24,IGKV1-6*02,TGT
25,IGKV1-8*01,TGT
26,IGKV1-8*02,TGT
27,IGKV1-8*03,TGT
28,IGKV1-9*01,TCA
29,IGKV1-NL1*01,TCA
30,IGKV1/OR-2*01,TCA
31,IGKV1/OR-3*01,TCA
32,IGKV1/OR-4*01,TCA
33,IGKV1/OR1-1*01,TCA
34,IGKV1/OR10-1*01,TCA
35,IGKV1/OR15-118*01,TCA
36,IGKV1/OR2-0*01,TCA
37,IGKV1/OR2-1*01,TCA
38,IGKV1/OR2-108*01,TCA
39,IGKV1/OR2-11*01,TCA
40,IGKV1/OR2-118*01,TCA
41,IGKV1/OR2-2*01,TCA
42,IGKV1/OR2-3*01,TCA
43,IGKV1/OR2-9*01,TCA
44,IGKV1/OR22-5*01,TCA
45,IGKV1/OR22-5*02,TCA
46,IGKV1/OR9-1*01,TCA
47,IGKV1/OR9-2*01,TCA
48,IGKV1/ORY-1*01,TCA
49,IGKV1D-12*01,TCA
50,IGKV1D-12*02,TCA
51,IGKV1D-13*01,TCA
52,IGKV1D-13*02,TCA
53,IGKV1D-16*01,TCA
54,IGKV1D-16*02,TCA
55,IGKV1D-17*01,TCA
56,IGKV1D-22*01,TCA
57,IGKV1D-27*01,TCA
58,IGKV1D-32*01,TCA
59,IGKV1D-33*01,TCA
60,IGKV1D-35*01,TCA
61,IGKV1D-35*02,TCA
62,IGKV1D-37*01,TCA
63,IGKV1D-39*01,TCA
64,IGKV1D-42*01,TCA
65,IGKV1D-42*02,TCA
66,IGKV1D-43*01,TGT
67,IGKV1D-8*01,TCA
68,IGKV1D-8*02,TCA
69,IGKV1D-8*03,TCA
70,IGKV1D-8*04,TCA
71,IGKV2-10*01,GGG
72,IGKV2-14*01,GGG
73,IGKV2-18*01,GGG
74,IGKV2-19*01,GGG
75,IGKV2-23*01,GGG
76,IGKV2-24*01,GGG
77,IGKV2-26*01,GGG
78,IGKV2-28*01,GGG
79,IGKV2-29*01,GGG
80,IGKV2-29*02,GGG
81,IGKV2-29*03,GGG
82,IGKV2-30*01,GGG
83,IGKV2-30*02,GGG
84,IGKV2-36*01,GGG
85,IGKV2-38*01,GGG
86,IGKV2-4*01,GGG
87,IGKV2-40*01,GGG
88,IGKV2-40*02,GGG
89,IGKV2/OR2-7*01,GGG
90,IGKV2/OR2-7D*01,GGG
91,IGKV2/OR22-4*01,GGG
92,IGKV2D-10*01,GGG
93,IGKV2D-14*01,GGG
94,IGKV2D-18*01,GGG
95,IGKV2D-19*01,GGG
96,IGKV2D-23*01,GGG
97,IGKV2D-24*01,GGG
98,IGKV2D-26*01,GGG
99,IGKV2D-26*02,GGG
100,IGKV2D-26*03,GGG
101,IGKV2D-28*01,GGG
102,IGKV2D-29*01,GGG
103,IGKV2D-29*02,GGG
104,IGKV2D-30*01,GGG
105,IGKV2D-36*01,GGG
106,IGKV2D-38*01,GGG
107,IGKV2D-40*01,GGG
108,IGKV3-11*01,TCA
109,IGKV3-11*02,TCA
110,IGKV3-15*01,TCA
111,IGKV3-20*01,TCA
112,IGKV3-20*02,TCA
113,IGKV3-25*01,TCA
114,IGKV3-31*01,TCA
115,IGKV3-34*01,TCA
116,IGKV3-7*01,TCA
117,IGKV3-7*02,TCA
118,IGKV3-7*03,TCA
119,IGKV3-7*04,TCA
120,IGKV3/OR2-268*01,TCA
121,IGKV3/OR2-268*02,TCA
122,IGKV3D-11*01,TCA
123,IGKV3D-11*02,TCA
124,IGKV3D-11*03,TCA
125,IGKV3D-15*01,TCA
126,IGKV3D-15*02,TCA
127,IGKV3D-15*03,TCA
128,IGKV3D-20*01,TCA
129,IGKV3D-20*02,TCA
130,IGKV3D-25*01,TCA
131,IGKV3D-31*01,TCA
132,IGKV3D-31*02,TCA
133,IGKV3D-34*01,TCA
134,IGKV3D-7*01,TCA
135,IGKV4-1*01,TCA
136,IGKV4-1*02,TCA
137,IGKV5-2*01,TCA
138,IGKV6-21*01,TCA
139,IGKV6-21*02,TCA
140,IGKV6D-21*01,TCA
141,IGKV6D-21*02,TCA
142,IGKV6D-41*01,TCA
143,IGKV7-3*01,TCA
144,IGHV3-23D*01,TCA
145,IGHV3-25*01,TCA
146,IGHV3-25*02,TCA
147,IGHV3-25*03,TCA
148,IGHV3-25*04,TCA
149,IGHV3-25*05,TCA
150,IGHV3-29*01,TCA
151,IGHV3-30*01,TCA
152,IGHV3-30*02,TCA
153,IGHV3-30*03,TCA
154,IGHV3-30*04,TCA
155,IGHV3-30*05,TCA
156,IGHV3-30*06,TCA
157,IGHV3-30*07,TCA
158,IGHV3-30*08,TCA
159,IGHV3-30*09,TCA
160,IGHV3-30*10,TCA
161,IGHV3-30*11,TCA
162,IGHV3-30*12,TCA
163,IGHV3-30*13,TCA
164,IGHV3-30*14,TCA
165,IGHV3-30*15,TCA
166,IGHV3-30*16,TCA
167,IGHV3-30*17,TCA
168,IGHV3-30*18,TCA
169,IGHV3-30*19,TCA
170,IGHV3-30*20,TCA
171,IGHV3-30-2*01,TCA
172,IGHV3-30-22*01,TCA
173,IGHV3-30-3*01,TCA
174,IGHV3-30-3*02,TCA
175,IGHV3-30-3*03,TCA
176,IGHV3-30-33*01,TCA
177,IGHV3-30-42*01,TCA
178,IGHV3-30-5*01,TCA
179,IGHV3-30-5*02,TCA
180,IGHV3-30-52*01,TCA
181,IGHV3-32*01,TCA
182,IGHV3-33*01,TCA
183,IGHV3-33*02,TCA
184,IGHV3-33*03,TCA
185,IGHV3-33*04,TCA
186,IGHV3-33*05,TCA
187,IGHV3-33*06,TCA
188,IGHV3-33*07,TCA
189,IGHV3-33*08,TCA
190,IGHV3-33-2*01,TCA
191,IGHV3-35*01,TCA
192,IGHV3-35*02,TCA
193,IGHV3-36*01,TCA
194,IGHV3-36*03,TCA
195,IGHV3-38*01,TCA
196,IGHV3-38*02,TCA
197,IGHV3-38*03,TCA
198,IGHV3-38-3*01,TCA
199,IGHV3-41*01,TCA
200,IGHV3-41*02,TCA
201,IGHV3-42*01,TCA
202,IGHV3-42*02,TCA
203,IGHV3-42D*01,TCA
204,IGHV3-42D*04,TCA
205,IGHV3-43*01,TCA
206,IGHV3-43*02,TCA
207,IGHV3-43D*03,TCA
208,IGHV3-43D*04,TCA
209,IGHV3-47*01,TCA
210,IGHV3-47*02,TCA
211,IGHV3-47*03,TCA
212,IGHV3-48*01,TCA
213,IGHV3-48*02,TCA
214,IGHV3-48*03,TCA
215,IGHV3-48*04,TCA
216,IGHV3-49*01,TCA
217,IGHV3-49*02,TCA
218,IGHV3-49*03,TCA
219,IGHV3-49*04,TCA
220,IGHV3-49*05,TCA
221,IGHV3-52*01,TCA
222,IGHV3-52*02,TCA
223,IGHV3-52*03,TCA
224,IGHV3-53*01,TCA
225,IGHV3-53*02,TCA
226,IGHV3-53*03,TCA
227,IGHV3-53*04,TCA
228,IGHV3-53*05,TCA
229,IGHV3-54*01,TCA
230,IGHV3-54*02,TCA
231,IGHV3-54*03,TCA
232,IGHV3-54*04,TCA
233,IGHV3-6*01,TCA
234,IGHV3-6*02,TCA
235,IGHV3-60*01,TCA
236,IGHV3-60*02,TCA
237,IGHV3-60*03,TCA
238,IGHV3-62*01,TCA
239,IGHV3-62*03,TCA
240,IGHV3-62*04,TCA
241,IGHV3-63*01,TCA
242,IGHV3-63*02,TCA
243,IGHV3-64*01,TCA
244,IGHV3-64*02,TCA
245,IGHV3-64*03,TCA
246,IGHV3-64*04,TCA
247,IGHV3-64*05,TCA
248,IGHV3-64*07,TCA
249,IGHV3-64D*06,TCA
250,IGHV3-64D*08,TCA
251,IGHV3-64D*09,TCA
252,IGHV3-65*01,TCA
253,IGHV3-65*03,TCA
254,IGHV3-66*01,TCA
255,IGHV3-66*02,TCA
256,IGHV3-66*03,TCA
257,IGHV3-66*04,TCA
258,IGHV3-69-1*01,TCA
259,IGHV3-69-1*02,TCA
260,IGHV3-7*01,TCA
261,IGHV3-7*02,TCA
262,IGHV3-7*03,TCA
263,IGHV3-7*04,TCA
264,IGHV3-7*05,TCA
265,IGHV3-71*01,TCA
266,IGHV3-71*02,TCA
267,IGHV3-71*03,TCA
268,IGHV3-71*04,TCA
269,IGHV3-72*01,TCA
270,IGHV3-73*01,TCA
271,IGHV3-73*02,TCA
272,IGHV3-74*01,TCA
273,IGHV3-74*02,TCA
274,IGHV3-74*03,TCA
275,IGHV3-76*02,TCA
276,IGHV3-79*02,TCA
277,IGHV3-9*01,TCA
278,IGHV3-9*02,TCA
279,IGHV3-9*03,TCA
280,IGHV3-9*04,TCA
281,IGHV3-NL1*01,TCA
282,IGHV4-28*01,TCA
283,IGHV4-28*02,TCA
284,IGHV4-28*03,TCA
285,IGHV4-28*04,TCA
286,IGHV4-28*05,TCA
287,IGHV4-28*06,TCA
288,IGHV4-28*07,TCA
289,IGHV4-30-2*01,TCA
290,IGHV4-30-2*02,TCA
291,IGHV4-30-2*03,TCA
292,IGHV4-30-2*04,TCA
293,IGHV4-30-2*05,TCA
294,IGHV4-30-2*06,TCA
295,IGHV4-30-4*01,TCA
296,IGHV4-30-4*02,TCA
297,IGHV4-30-4*03,TCA
298,IGHV4-30-4*04,TCA
299,IGHV4-30-4*05,TCA
300,IGHV4-30-4*06,TCA
301,IGHV4-30-4*07,TCA
302,IGHV4-30-4*08,TCA
303,IGHV4-31*01,TCA
304,IGHV4-31*02,TCA
305,IGHV4-31*03,TCA
306,IGHV4-31*04,TCA
307,IGHV4-31*05,TCA
308,IGHV4-31*06,TCA
309,IGHV4-31*07,TCA
310,IGHV4-31*08,TCA
311,IGHV4-31*09,TCA
312,IGHV4-31*10,TCA
313,IGHV4-31*11,TCA
314,IGHV4-34*01,TCA
315,IGHV4-34*02,TCA
316,IGHV4-34*03,TCA
317,IGHV4-34*04,TCA
318,IGHV4-34*05,TCA
319,IGHV4-34*06,TCA
320,IGHV4-34*07,TCA
321,IGHV4-34*08,TCA
322,IGHV4-34*09,TCA
323,IGHV4-34*10,TCA
324,IGHV4-34*11,TCA
325,IGHV4-34*12,TCA
326,IGHV4-34*13,TCA
327,IGHV4-38-2*01,TCA
328,IGHV4-38-2*02,TCA
329,IGHV4-39*01,TCA
330,IGHV4-39*02,TCA
331,IGHV4-39*03,TCA
332,IGHV4-39*05,TCA
333,IGHV4-39*06,TCA
334,IGHV4-39*07,TCA
335,IGHV4-39*08,TCA
336,IGHV4-39*09,TCA
337,IGHV4-4*01,TCA
338,IGHV4-4*02,TCA
339,IGHV4-4*03,TCA
340,IGHV4-4*04,TCA
341,IGHV4-4*05,TCA
342,IGHV4-4*06,TCA
343,IGHV4-4*07,TCA
344,IGHV4-4*08,TCA
345,IGHV4-4*09,TCA
346,IGHV4-4*10,TCA
347,IGHV4-55*01,TCA
348,IGHV4-55*02,TCA
349,IGHV4-55*03,TCA
350,IGHV4-55*04,TCA
351,IGHV4-55*05,TCA
352,IGHV4-55*06,TCA
353,IGHV4-55*07,TCA
354,IGHV4-55*08,TCA
355,IGHV4-55*09,TCA
356,IGHV4-59*01,TCA
357,IGHV4-59*02,TCA
358,IGHV4-59*03,TCA
359,IGHV4-59*04,TCA
360,IGHV4-59*05,TCA
361,IGHV4-59*06,TCA
362,IGHV4-59*07,TCA
363,IGHV4-59*08,TCA
364,IGHV4-59*09,TCA
365,IGHV4-59*10,TCA
366,IGHV4-59*11,TCA
367,IGHV4-59*12,TCA
368,IGHV4-59*13,TCA
369,IGHV4-61*01,TCA
370,IGHV4-61*02,TCA
371,IGHV4-61*03,TCA
372,IGHV4-61*04,TCA
373,IGHV4-61*05,TCA
374,IGHV4-61*06,TCA
375,IGHV4-61*07,TCA
376,IGHV4-61*08,TCA
377,IGHV4-61*09,TCA
378,IGHV4-61*10,TCA
379,IGHV4-61*11,TCA
380,IGHV4-80*02,TCA
381,IGHV5-10-1*01,TCA
382,IGHV5-10-1*02,TCA
383,IGHV5-10-1*03,TCA
384,IGHV5-10-1*04,TCA
385,IGHV5-51*01,TCA
386,IGHV5-51*02,TCA
387,IGHV5-51*03,TCA
388,IGHV5-51*04,TCA
389,IGHV5-51*05,TCA
390,IGHV5-51*06,TCA
391,IGHV5-51*07,TCA
392,IGHV5-78*01,TCA
393,IGHV6-1*01,TCA
394,IGHV6-1*02,TCA
395,IGHV6-1*03,TCA
396,IGHV7-27*01,TCA
397,IGHV7-34-1*01,TCA
398,IGHV7-34-1*02,TCA
399,IGHV7-34-1*03,TCA
400,IGHV7-4-1*01,TCA
401,IGHV7-4-1*02,TCA
402,IGHV7-4-1*03,TCA
403,IGHV7-4-1*04,TCA
404,IGHV7-4-1*05,TCA
405,IGHV7-40*03,TCA
406,IGHV7-56*01,TCA
407,IGHV7-56*02,TCA
408,IGHV7-81*01,TCA
409,IGHV7-NL1*04,TCA
410,IGHV7-NL1*05,TCA
411,IGHV8-51-1*01,TCA
412,IGHV8-51-1*02,TCA
413,IGHV8-51-1*03,TCA
414,IGHV8-51-1*04,TCA
0,IGLV1-36*01,TCC TGG GCC
1,IGLV1-40*01,TCC TGG GCC
2,IGLV1-40*02,TCC TGG GCC
3,IGLV1-40*03,TCC TGG GCC
4,IGLV1-41*01,TCC TGG GCC
5,IGLV1-44*01,TCC TGG GCC
6,IGLV1-44*02,TCC TGG GCC
7,IGLV1-44*03,TCC TGG GCC
8,IGLV1-44*04,TCC TGG GCC
9,IGLV1-47*01,TCC TGG GCC
10,IGLV1-47*02,TCC TGG GCC
11,IGLV1-47*03,TCC TGG GCC
12,IGLV1-50*01,TCC TGG GCC
13,IGLV1-51*01,TCC TGG GCC
14,IGLV1-51*02,TCC TGG GCC
15,IGLV2-11*01,TCC TGG GCC
16,IGLV2-11*02,TCC TGG GCC
17,IGLV2-11*03,TCC TGG GCC
18,IGLV2-14*01,TCC TGG GCC
19,IGLV2-14*02,TCC TGG GCC
20,IGLV2-14*03,TCC TGG GCC
21,IGLV2-14*04,TCC TGG GCC
22,IGLV2-14*05,TCC TGG GCC
23,IGLV2-18*01,TCC TGG GCC
24,IGLV2-18*02,TCC TGG GCC
25,IGLV2-18*03,TCC TGG GCC
26,IGLV2-18*04,TCC TGG GCC
27,IGLV2-23*01,TCC TGG GCC
28,IGLV2-23*02,TCC TGG GCC
29,IGLV2-23*03,TCC TGG GCC
30,IGLV2-23*04,TCC TGG GCC
31,IGLV2-33*01,TCC TGG GCC
32,IGLV2-33*02,TCC TGG GCC
33,IGLV2-33*03,TCC TGG GCC
34,IGLV2-8*01,TCC TGG GCC
35,IGLV2-8*02,TCC TGG GCC
36,IGLV2-8*03,TCC TGG GCC
37,IGLV2-8*04,TCC TGG GCC
38,IGLV3-1*01,TCC GTG ACC
39,IGLV3-1*02,TCC GTG ACC
40,IGLV3-10*01,TCC GTG ACC
41,IGLV3-10*02,TCC GTG ACC
42,IGLV3-10*03,TCC GTG ACC
43,IGLV3-12*02,TCC GTG ACC
44,IGLV3-16*01,TCC GTG ACC
45,IGLV3-19*01,TCC GTG ACC
46,IGLV3-19*02,TCC GTG ACC
47,IGLV3-21*01,TCC GTG ACC
48,IGLV3-21*02,TCC GTG ACC
49,IGLV3-21*03,TCC GTG ACC
50,IGLV3-21*04,TCC GTG ACC
51,IGLV3-22*01,TCC GTG ACC
52,IGLV3-22*03,TCC GTG ACC
53,IGLV3-25*01,TCC GTG ACC
54,IGLV3-25*02,TCC GTG ACC
55,IGLV3-25*03,TCC GTG ACC
56,IGLV3-27*01,TCC GTG ACC
57,IGLV3-32*01,TCC GTG ACC
58,IGLV3-9*01,TCC GTG ACC
59,IGLV3-9*02,TCC GTG ACC
60,IGLV4-3*01,TCC CTC TCC
61,IGLV4-60*01,TCC CTC TCC
62,IGLV4-60*02,TCC CTC TCC
63,IGLV4-60*03,TCC CTC TCC
64,IGLV4-69*01,TCC CTC TCC
65,IGLV4-69*02,TCC CTC TCC
66,IGLV5-37*01,TCC CTC TCC
67,IGLV5-37*02,TCC CTC TCC
68,IGLV5-37*03,TCC CTC TCC
69,IGLV5-39*01,TCC CTC TCC
70,IGLV5-39*02,TCC CTC TCC
71,IGLV5-45*01,TCC CTC TCC
72,IGLV5-45*02,TCC CTC TCC
73,IGLV5-45*03,TCC CTC TCC
74,IGLV5-45*04,TCC CTC TCC
75,IGLV5-45*05,TCC CTC TCC
76,IGLV5-48*01,TCC CTC TCC
77,IGLV5-52*01,TCC CTC TCC
78,IGLV6-57*01,TCC TGG GCC
79,IGLV6-57*02,TCC TGG GCC
80,IGLV6-57*03,TCC TGG GCC
81,IGLV6-57*04,TCC TGG GCC
82,IGLV7-43*01,TCC AAT TCC
83,IGLV7-46*01,TCC AAT TCC
84,IGLV7-46*02,TCC AAT TCC
85,IGLV7-46*04,TCC AAT TCC
86,IGLV7-46*05,TCC AAT TCC
87,IGLV8/OR8-1*02,TCC AAT TCC
88,IGLV8-61*01,TCC AAT TCC
89,IGLV8-61*02,TCC AAT TCC
90,IGLV8-61*03,TCC AAT TCC
91,IGLV9-49*01,TCC CTC TCC
92,IGLV9-49*02,TCC CTC TCC
93,IGLV9-49*03,TCC CTC TCC
94,IGLV10-54*01,TCC CTC TCC
95,IGLV10-54*02,TCC CTC TCC
96,IGLV10-54*04,TCC CTC TCC
97,IGLV10-54*05,TCC CTC TCC
98,IGLV10-54*06,TCC CTC TCC
99,IGLV11-55*01,XXX XXX XXX
100,IGLV11-55*02,XXX XXX XXX
